sm,sm_t0,sm_t1
"[[1.         0.98464451 0.93967615 ... 0.84717527 0.86519852 0.8669946 ]
 [0.98464451 1.         0.98439036 ... 0.90414596 0.91352836 0.91156466]
 [0.93967615 0.98439036 1.         ... 0.93710393 0.93923338 0.93407021]
 ...
 [0.84717527 0.90414596 0.93710393 ... 1.         0.99195267 0.96576115]
 [0.86519852 0.91352836 0.93923338 ... 0.99195267 1.         0.98696985]
 [0.8669946  0.91156466 0.93407021 ... 0.96576115 0.98696985 1.        ]]","[ 0.   1.4  2.8  4.2  5.6  7.   8.4  9.8 11.2 12.6 14.  15.4 16.8 18.2
 19.6 21.  22.4 23.8 25.2 26.6 28.  29.4 30.8 32.2 33.6 35.  36.4 37.8
 39.2 40.6 42.  43.4 44.8 46.2 47.6 49.  50.4 51.8 53.2 54.6 56.  57.4
 58.8 60.2 61.6 63.  64.4 65.8 67.2 68.6 70.  71.4 72.8 74.2 75.6 77.
 78.4 79.8 81.2 82.6 84.  85.4 86.8]","[ 6.99997732  8.39997732  9.79997732 11.19997732 12.59997732 13.99997732
 15.39997732 16.79997732 18.19997732 19.59997732 20.99997732 22.39997732
 23.79997732 25.19997732 26.59997732 27.99997732 29.39997732 30.79997732
 32.19997732 33.59997732 34.99997732 36.39997732 37.79997732 39.19997732
 40.59997732 41.99997732 43.39997732 44.79997732 46.19997732 47.59997732
 48.99997732 50.39997732 51.79997732 53.19997732 54.59997732 55.99997732
 57.39997732 58.79997732 60.19997732 61.59997732 62.99997732 64.39997732
 65.79997732 67.19997732 68.59997732 69.99997732 71.39997732 72.79997732
 74.19997732 75.59997732 76.99997732 78.39997732 79.79997732 81.19997732
 82.59997732 83.99997732 85.39997732 86.79997732 88.19997732 89.59997732
 90.99997732 92.39997732 93.79997732]"
