,t0,LZ,CTW
mean,80000.0,0.05264945085251319,0.09344337375619008
0.0,0.0,0.026923014640489698,0.016648248087967787
0.3333333333333333,0.3333333333333333,0.005982892142331044,0.0006453183779762532
0.6666666666666666,0.6666666666666666,0.005982892142331044,0.0006453183779762532
1.0,1.0,0.42179389603433853,1.0031551807797476
1.3333333333333333,1.3333333333333333,0.005982892142331044,0.0006453183779762532
1.6666666666666667,1.6666666666666667,0.005982892142331044,0.0006453183779762532
2.0,2.0,0.43076823424783517,0.7477419355237761
2.3333333333333335,2.3333333333333335,0.07777759785030357,0.09099701668469051
2.6666666666666665,2.6666666666666665,0.005982892142331044,0.0006453183779762532
3.0,3.0,0.005982892142331044,0.0006453183779762532
3.3333333333333335,3.3333333333333335,0.005982892142331044,0.0006453183779762532
3.6666666666666665,3.6666666666666665,0.005982892142331044,0.0006453183779762532
4.0,4.0,0.005982892142331044,0.0006453183779762532
4.333333333333333,4.333333333333333,0.005982892142331044,0.0006453183779762532
4.666666666666667,4.666666666666667,0.005982892142331044,0.0006453183779762532
5.0,5.0,0.005982892142331044,0.0006453183779762532
5.333333333333333,5.333333333333333,0.005982892142331044,0.0006453183779762532
5.666666666666667,5.666666666666667,0.005982892142331044,0.0006453183779762532
6.0,6.0,0.005982892142331044,0.0006453183779762532
6.333333333333333,6.333333333333333,0.005982892142331044,0.0006453183779762532
