Time, Value
11.407585800425375,1
167.09731361998348,2
174.3997604297736,1
