Time, Value
10.253093623015806,1
198.8456235473563,7
