Time, Value
8.503481020980836,5
51.823925814987184,6
67.18694814495849,7
