Time, Value
26.255343091552735,1
96.74682496376037,2
123.50592308392334,1
158.42920600953676,2
161.8655399771118,1
