Time, Value
17.288455927489228,1
199.43079248150335,2
