Time, Value
19.693929019073487,6
37.30421498283386,5
98.52421091035461,6
170.04001611253358,5
