Time, Value
32.509652256224975,7
199.22027015599963,6
202.1725878122376,7
