Time, Value
33.11804587177443,1
106.7706444483716,2
109.5214596668089,1
114.85783300055277,2
117.34159811964156,1
212.98727624045924,2
215.33771214365157,3
