Time, Value
10.886769049591065,7
99.98479691226196,6
118.25726810490417,7
186.45503411062623,6
190.1932070190735,5
