Time, Value
6.672087156402588,1
117.24870702670287,2
