Time, Value
12.047683300820346,7
114.14675467085357,6
129.78856453988777,7
