Time, Value
8.339438856948853,6
118.66966195803833,5
177.81663099237062,4
