Time, Value
1.3002180686645508,1
107.49066205340576,2
