Time, Value
16.772832068664552,1
26.32946702670288,2
32.16639381880188,3
40.79416780735779,2
93.65427104577637,1
146.74242110490417,2
