Time, Value
10.115880449556103,7
117.69741689216792,5
127.21033913174321,6
137.2928080215014,7
