Time, Value
7.87911288746643,4
49.894794036239624,5
