Time, Value
12.45871209918213,2
34.63777389128113,3
37.167477996185305,2
68.92363289318848,3
94.66944605722045,2
103.25410100190734,3
