Time, Value
11.799235787295714,1
88.70478748628953,2
90.45232827790923,1
