Time, Value
7.5265409237060545,2
59.39661497138977,3
75.8962819217987,2
87.39932610490418,3
96.51660994468689,4
