Time, Value
6.176898950408935,2
73.38275306484985,3
81.34686789891052,4
101.47610198855591,3
115.98136404196167,2
