Time, Value
11.217452014640452,7
168.10852733295903,6
176.24594757394462,7
