Time, Value
7.842905841690063,7
92.1031709294281,6
99.83527090081787,7
120.78166793896484,6
