Time, Value
8.410027104904175,1
34.010706813079835,2
35.6452120743866,1
75.07156191798401,2
81.9021419217987,1
112.79491313542175,2
