Time, Value
6.443122858856201,2
39.35264705340576,1
64.23103390081788,2
111.29587909155273,1
121.87202306675721,2
130.5468089256134,3
152.51803704386901,2
163.66060486648558,3
