Time, Value
10.27446260596513,7
168.94920006064845,6
174.10131913364927,7
