Time, Value
11.500441024795533,1
91.97728022125244,2
96.2876300705719,1
125.64089408201599,2
