Time, Value
8.318850093460084,1
98.04879888174439,2
115.19849595613098,1
