Time, Value
7.617614110626221,4
51.15510592179871,5
68.10877793896485,6
