Time, Value
7.087406862670899,2
17.240524938964843,3
20.65882205149841,4
29.358812066757203,1
41.87870694468689,3
49.452750965667725,2
