Time, Value
6.811849969482422,1
80.92294704196166,2
87.63259821362304,1
