Time, Value
10.722062885559081,2
85.3342232040863,1
109.73795099427795,2
