Time, Value
7.139962110626221,1
85.65978013160705,2
97.45616119264221,1
