Time, Value
13.289499091552734,7
28.194622897003175,6
53.476087994277954,7
191.0312359599457,6
