Time, Value
15.016843992370605,2
19.67836113923645,1
21.559800975204467,2
25.251130097274782,3
46.686094935150145,1
67.968166,2
78.21652593896485,1
119.48120411253358,2
183.78031707247925,1
