Time, Value
8.25504595803833,1
82.57835791226196,2
94.15786298664855,1
102.60449384741212,2
123.95887282452392,1
163.30310309727477,2
165.9507940858307,1
