Time, Value
5.442440095367432,1
82.80853708010864,2
90.33264079591369,3
106.10977414686585,2
114.01748308964538,1
147.34211283024598,2
155.53864287792968,1
187.03499008583069,2
