Time, Value
8.853015925613404,3
32.782477855041506,5
52.68728296757507,2
57.80131801335144,3
76.80362990081787,4
80.34717294850158,5
84.6172099294281,6
