Time, Value
10.552290382866241,1
173.63048222607387,2
175.09644932866266,1
