Time, Value
8.972065078201293,1
84.42323296566772,2
97.65819796185303,1
