Time, Value
27.633888032424927,7
206.6988109923706,1
