Time, Value
5.641496038146973,1
89.20451691607666,2
102.0642429446869,1
177.27712890653993,2
