Time, Value
6.268130965667725,1
12.08494701525879,5
21.769820127792357,3
27.433793020980836,5
43.86907402861023,3
76.53466498664856,2
91.28460690463257,4
