Time, Value
1.730106051498413,1
22.47942996948242,3
41.34738705340576,1
84.09755104196167,4
89.7013737806549,4
102.03498010108947,5
107.00097401144409,6
