Time, Value
5.397256851226807,5
22.997510990463258,3
24.348906826431275,5
39.048836979019164,6
75.45007882452393,3
84.6140648550415,5
