Time, Value
7.688998876022339,1
46.021328893188475,3
62.35737502861023,4
81.02227295040893,5
101.63985605722046,4
103.00669794659424,3
106.6062021335144,5
