Time, Value
5.098073891281128,5
13.697862074386597,6
47.09827602861023,3
52.53081212016296,4
84.14723492370605,3
89.51443408392333,4
110.78052497138977,5
114.36482188746643,6
