Time, Value
9.07164000190735,5
37.60028815449524,2
41.23464409536743,4
52.56754012969971,5
59.38419784359741,3
86.6686422002716,5
