Time, Value
5.192054114440918,4
15.308534001907349,5
39.61006889891052,6
95.37591295994568,4
101.7983821296997,5
