Time, Value
2.9770108035430907,1
8.075596160217284,5
39.09395490653991,6
79.44405690463257,3
92.21047500953674,5
