Time, Value
2.179187927520752,5
77.61221005149841,6
103.46464891226196,2
112.14859507247925,5
