Time, Value
5.662115933242798,4
13.978409990463257,5
38.64539108201599,3
63.196845225067136,5
103.77968906484985,4
108.14579700190735,5
