Time, Value
22.553231101089477,1
31.92487598283386,4
39.072737032424925,3
48.30444308964539,1
85.37103804959106,3
101.6373310743866,5
