Time, Value
11.375120131607055,4
56.31109889700318,3
61.4081240667572,5
72.94236589891052,3
118.9915271449585,4
