Time, Value
10.458797967575073,5
39.07618317929077,6
79.09217009918213,3
82.8927079294281,5
110.01112495231628,2
114.51065210681152,5
127.74230015449524,6
148.67727594277954,1
157.60937609155275,5
