Time, Value
7.014806883651733,1
22.591150020980834,3
34.74393403623962,5
41.774729942779544,3
46.274336003814696,1
89.41743607820129,4
109.91720708201599,5
115.85260898474121,6
