Time, Value
15.303740994277954,1
22.65246087411499,3
31.468965794006348,1
38.43525383024597,4
86.2033169923706,5
97.05336582452392,4
98.23659184359741,3
105.72084982643128,4
111.96992889891052,5
