Time, Value
8.415044001907349,4
10.963643828338624,5
112.7312240076294,6
