Time, Value
4.535598152587891,5
40.236164881744386,3
46.4857479332428,2
60.836480089645384,4
80.78642496757507,3
86.98565986076355,2
104.08411089891052,4
124.26803102288818,3
126.41921497329712,2
