Time, Value
21.605331022888183,4
62.539912160217284,3
78.08804901525879,1
83.30520785313415,4
