Time, Value
11.724541948501587,1
44.17069909727478,3
57.73583098474121,2
60.674951078201296,7
66.02600896757507,4
80.59332205722046,3
92.87490211444091,1
109.22495499046326,4
