Time, Value
5.830244967575073,4
7.412707049591065,5
91.54592997138977,3
