Time, Value
16.872486980926514,4
33.57845691226196,5
60.34768902288818,6
84.51849590844726,7
89.17795680545044,6
