Time, Value
8.429113763965606,5
56.77465989271164,6
113.64158802861023,7
122.94507694039535,6
