Time, Value
13.598638837875367,5
17.465539868869783,6
44.53067084502792,5
60.59280595231628,6
100.17517598092651,5
120.6533007830391,6
168.44160787363816,5
170.34978525749207,6
179.3757750166893,4
