Time, Value
29.564059049591066,4
39.9346980705719,5
71.29241200953675,4
73.12449994468689,3
102.19505097520447,4
119.03431502288818,5
