Time, Value
12.672222997615814,5
34.80532208201599,6
90.20053103051758,5
107.07503114305115,3
131.3634059256134,5
143.5190519256134,4
183.94230196566772,6
194.6338218893738,5
