Time, Value
28.257895122070313,4
55.97583297520447,5
78.5253119332428,6
107.07724995422363,5
134.5443329256134,6
168.59602008010864,5
218.1455900038147,4
