Time, Value
15.553666121593475,5
51.57373894659424,6
68.62061420217896,4
75.78788508773803,5
103.58686418119812,6
113.60957198474121,5
134.24344709346008,6
237.45553113923646,5
240.38490602670288,4
