Time, Value
17.05520780688095,5
48.64997309536743,6
96.06653595708465,5
114.7352599666214,6
