Time, Value
13.7870549294281,4
55.52686605531311,5
73.98171398283387,6
102.67991413923644,5
