Time, Value
37.38550898092652,4
50.20636785456467,5
100.33201993801117,6
134.7351709809265,4
137.72696680211257,6
162.69605577350234,5
