Time, Value
58.56750002288818,4
82.55470818882752,5
113.59883293515014,6
178.66141608392334,5
