Time, Value
9.83301890940094,4
35.94757707867813,5
78.34213402622605,6
119.08702996185303,5
153.2745040166893,6
161.14103995946886,4
204.39919074250793,6
