Time, Value
17.137441911785125,5
71.57199889748001,6
73.53218224557114,5
89.95236397854232,6
142.04736385218047,5
158.12507181164932,6
197.89647916450883,5
227.97051510728835,6
