Time, Value
68.35868709918213,4
79.60826995231628,5
151.7680621411438,6
181.86316614686584,5
186.79731184550477,3
204.5868949294281,4
208.98441584169007,5
