Time, Value
16.18966590081787,5
56.250254262260434,6
80.49809284741211,7
102.80939510490417,5
111.10728488555908,6
144.95639992132186,4
181.4462961502037,5
183.1307227639656,6
200.612701833107,5
