Time, Value
45.971238971389774,5
78.1366818998642,6
