Time, Value
34.3072908550415,4
60.53524989318848,5
102.88026991035461,6
133.5544369923706,5
157.01176995422364,4
193.24677010299683,5
199.14114493515015,6
