Time, Value
62.147522959945675,4
74.16698091607665,5
131.48271004386902,4
160.26314793896483,5
196.4110850038147,6
205.0656892040863,4
207.6712929694824,5
