Time, Value
26.752424948501588,4
28.13038990081787,5
41.261473992370604,4
61.94621996948242,5
77.34919193324279,6
110.72167693515014,5
114.51126891035462,6
