Time, Value
19.93781,4
58.93128507247925,5
72.47338384359742,4
114.5624941335144,5
