Time, Value
27.452979020980834,6
77.56795812397766,7
99.82012508964539,6
147.97076982261657,5
162.95529102479554,6
176.5368539961853,7
199.59047880735778,6
209.3367699408722,5
220.76731215449524,4
