Time, Value
10.76607702861023,4
57.97620696900559,5
111.11060780211258,6
171.2456340524521,5
219.12339518119813,6
