Time, Value
10.98938998807907,4
22.887411166893006,5
58.53142099523163,6
78.49879079257583,7
87.8543120166893,6
179.60267096185302,5
218.81696775919724,4
