Time, Value
32.239899923706055,4
38.879559162124636,3
90.66522916021728,4
105.22734818882752,3
