Time, Value
19.41421785933304,4
24.24695188794327,3
59.360260019073486,5
71.97283792847442,4
89.8764321001358,5
126.75942594039536,6
162.7159891168251,5
181.3479941049042,6
197.41171800953674,5
