Time, Value
9.917687074386597,6
54.60131209536743,7
61.26616611253357,6
93.5046247844696,5
112.82895795994568,3
193.7233537959137,6
124.57343091416931,4
125.8966192193451,6
