Time, Value
38.90712382357025,5
65.41274889032745,4
70.62681210251999,5
75.53988504291534,6
109.98251501192092,4
118.3744418998642,5
