Time, Value
15.453066824523926,4
51.75463092370605,3
76.25081500190736,2
80.06312310108947,3
89.14667205340577,4
92.88055714877319,5
110.09268396566773,4
