Time, Value
35.114812207424166,4
55.329421,5
63.25254578780746,6
106.42707689748,4
119.13895195708466,5
133.50220804291536,6
