Time, Value
29.020191723434447,5
86.35162418596649,6
145.59847310490417,5
150.25696310490417,6
