Time, Value
12.838291024795533,5
53.72235407247925,6
82.96416603433228,5
98.39564504196167,6
113.27429099427795,5
116.9788749217987,6
189.8156870858307,5
190.8052500858307,4
