Time, Value
19.248015054836273,4
63.043899780654904,5
83.40614014781951,3
112.30798874250793,4
113.31111380688095,5
