Time, Value
19.37796098474121,4
21.396542059127807,5
43.04935108201599,6
108.24438311634826,5
114.27154093515014,6
