Time, Value
40.5483120038147,4
47.902540814987184,5
88.2086450152588,6
99.63197902288819,5
130.6627700629425,4
140.54331182070922,5
179.65104110681153,6
200.5788329923706,4
