Time, Value
18.947774923706056,5
25.89117395803833,6
32.49064593133545,5
72.630913917984,6
108.96860005149841,5
