Time, Value
22.30995580354309,5
29.152519963760376,6
53.694706950408936,5
66.57394004386902,4
71.17004191607666,5
77.86970891989135,6
122.3082309885559,5
134.30197704386902,6
150.58966796757508,7
