Time, Value
16.898171040531157,4
58.793587840259555,5
81.09017599046325,6
87.88741600238419,5
111.98736420742416,6
117.7097858998642,5
