Time, Value
4.207523078201294,4
16.649121897003173,5
52.320654893188475,6
69.25474890844727,3
73.2548489408722,4
88.65322604386901,5
102.95768511444092,5
105.3827089294281,6
