Time, Value
21.50665015449524,4
24.988430032424926,6
53.2907200743866,7
73.82062497711182,6
