Time, Value
26.69229404005432,2
42.614526007629394,3
96.63748697329711,2
97.78947319836426,4
101.51933787792969,2
129.1555070343323,1
133.55752087983703,4
