Time, Value
37.20831700953674,3
47.90254501525879,2
61.518088948501585,5
67.37310793896485,2
73.98648798855591,3
80.08754485313416,4
86.31574901716614,5
