Time, Value
51.56254104196167,3
55.786712019073484,5
58.6806291411438,6
68.63863801716614,7
