Time, Value
24.88116791798401,2
80.39468782452393,3
90.24817491989135,4
