Time, Value
1.1171090286102294,5
2.2242950438690188,6
