Time, Value
1.6033119141693115,5
2.6675768207092285,4
