Time, Value
2.6627219923706056,4
4.369756074386597,5
