Time, Value
9.70835808392334,5
10.695060942779541,3
13.808427946594238,4
