Time, Value
3.810847148773193,4
4.6963610114440915,5
