Time, Value
4.4786819465942385,5
6.011524038146972,6
