Time, Value
1.7345598607635497,5
2.4394509046325683,6
