Time, Value
1.317228078201294,4
2.1468829980926514,5
