Time, Value
1.7125270381469726,4
4.136600937057495,4
5.9806620190734865,5
