Time, Value
2.5606378321533203,5
3.376451093460083,4
