Time, Value
56.22095905149841,4
57.02090903051758,4
57.90836894468689,5
59.09987083978272,4
