Time, Value
40.127443910354614,5
135.57226389700318,6
163.5020019141693,7
193.26176189128114,6
