Time, Value
0.48638592179870604,4
1.6471520324249267,5
