Time, Value
1.8988259771118163,5
3.447767973297119,4
