Time, Value
4.62076009727478,4
7.664048929428101,5
8.564362969482422,6
