Time, Value
0.42170111253356934,4
1.5032088340606689,3
