Time, Value
4.182984125885009,4
4.974566198364258,5
