Time, Value
4.172750078201294,5
5.051606116348267,6
