Time, Value
2.0071800610351564,5
2.8698560858306883,6
