Time, Value
2.5675300858306884,5
63.9947918626709,7
142.10774595803832,6
183.0281879294281,5
194.68551722888185,7
