Time, Value
10.51899305722046,2
16.13881404005432,6
24.31468302479553,7
57.28405685122681,5
79.90282397901916,4
83.7365009885559,6
90.92816104196167,5
