Time, Value
4.156355173568725,1
69.66048695613098,3
72.89604321934509,1
