Time, Value
0.6773659637603759,7
81.0325430076294,4
86.77594817547607,7
119.28966197711182,5
123.95081192561341,7
