Time, Value
25.74180604005432,4
42.69448910871887,2
53.15070379400635,5
72.01447890844726,7
74.97918696376037,4
83.77804688365174,5
