Time, Value
0.3771188664855957,7
24.473642923706056,3
26.45191308773804,7
42.84536083406067,6
45.05306505722046,7
67.51031303814698,2
70.7025871525879,6
