Time, Value
2.98178987411499,7
102.05878801907349,5
104.25556904577637,7
126.68143909536744,4
128.96356199427797,7
