Time, Value
45.352850074386595,4
47.80683611062622,7
68.94708693705749,3
71.16980595422363,7
