Time, Value
3.8481138683929443,7
51.96611106866455,5
101.26348589509583,6
112.457948207901,5
118.0114451449585,7
135.72499503433227,2
140.13353308773804,6
159.867345917984,4
