Time, Value
2.9309669027252196,7
72.7499899408722,5
74.17201304196168,4
96.94286508773804,7
127.23715709918213,5
128.85037184169008,7
147.7311389885559,6
149.0518217806549,7
