Time, Value
6.582717935150146,7
83.8657829961853,4
85.37195904196167,3
89.03772106866455,7
91.21908299046326,6
103.85131212588502,7
152.6099907844696,3
157.64261584550476,6
186.86433810490416,7
