Time, Value
27.94215592752075,6
29.69444212588501,7
77.44581404959106,1
79.32486710299682,7
