Time, Value
1.7112650324249268,7
60.89989806103516,5
64.72928992370605,7
