Time, Value
75.9919171926422,3
85.03541603814698,1
