Time, Value
0.8912909198913574,7
11.573217007629394,2
17.10502493133545,7
32.356185032424925,5
38.8638769294281,4
77.5733401411438,7
90.6737279408722,5
