Time, Value
2.2199170114440916,7
126.71278601716614,5
136.15953700762938,7
155.0285408321533,4
162.68790308773805,3
