Time, Value
2.4705109160766603,7
157.8969901964569,6
159.43631681880188,7
190.61204494087218,5
192.44421599046325,7
