Time, Value
2.0585030267028808,1
6.065818194549561,7
66.41217521934509,4
67.9306539332428,7
71.35434812779236,6
80.05676603051758,4
157.55187487983704,7
