Time, Value
28.693752874114992,1
39.97746706866455,1
43.34230904196167,1
43.71164417356873,1
