Time, Value
60.636402837875366,6
65.67684010681153,5
80.19303496566772,3
93.75424114305115,6
116.48995317547607,1
116.62995304196167,1
