Time, Value
3.7976909580383302,6
9.76060008201599,1
9.929060959945678,1
