Time, Value
11.715839855041503,1
18.225274990463255,1
18.39767698283386,1
