Time, Value
0.17478999237060547,1
160.71295101716615,6
191.603700082016,1
192.84208416784668,1
