Time, Value
23.671468034332275,1
108.35469604768372,1
108.49769593515015,1
