Time, Value
21.824874967575074,7
46.04448897138977,1
46.19072094087219,1
52.74477108010864,1
53.0200680705719,1
