Time, Value
69.85870691989136,6
74.78852492179871,7
100.58301689318847,1
100.79707508583068,1
