Time, Value
13.343459114440918,6
55.70942294850159,1
55.84462590653992,1
