Time, Value
46.63453918882752,1
111.9054429961853,6
151.5686920343323,1
151.72463713923645,1
