Time, Value
0.8486699961853027,4
8.391886942779541,1
8.576298925613404,1
