Time, Value
0.1666768950958252,1
151.26698917356873,7
157.98663193133544,1
158.14950900572205,1
