Time, Value
1.040588906539917,4
8.651366137329102,1
9.080290900817872,1
154.07416,4
202.81409301907348,5
