Time, Value
2.108308127792358,5
12.410379967575073,6
21.607528824523925,1
21.809528965667724,1
