Time, Value
10.864372017166138,6
188.1894679961853,7
199.70889211825562,1
199.90459494659424,1
