Time, Value
12.586077923706055,6
21.883932089645384,1
79.56408812397765,6
157.26376489700317,7
165.79910911634826,1
165.94510902479553,1
