Time, Value
16.709923874114992,6
154.4136231411438,1
154.6367518474121,1
206.23859201907348,7
