Time, Value
39.144291921798704,5
40.595568961853026,6
46.939754062942505,1
108.64093203814697,1
161.49444516212463,5
164.7716441487732,6
182.42206483596803,7
