Time, Value
28.719001937057495,6
124.7526839256134,1
124.93715383596802,1
