Time, Value
0.9052617863769531,1
9.32696102861023,1
9.512619032424928,1
201.0477500782013,6
