Time, Value
2.4834110228881836,6
104.58533498855591,1
118.68386896948242,7
128.617845956131,1
128.75084585313417,1
132.39974191989137,7
