Time, Value
0.46498901907348633,6
6.547552830245972,1
6.693304183105469,1
