Time, Value
7.174602038146973,4
21.431856824523926,5
24.241984116348267,6
48.53959203242493,5
50.8522289961853,6
61.15178188746643,4
77.50547691989135,3
85.23571579782104,4
86.68239599427795,5
103.0026518779297,6
107.09849110490417,5
111.01457112016297,4
113.23239503433227,5
110.31874305340577,6
111.5480710038147,7
117.65768402479553,5
121.70871105149841,6
138.4764371888275,7
143.54553302479553,5
147.9047870743866,4
149.8155769847412,3
156.02038196185302,4
