Time, Value
18.326602845504762,7
53.12822493896484,6
66.55034600190734,7
84.77328302479553,6
106.52798597138977,7
136.3989890114441,6
142.37453093896485,7
161.7592498664856,6
204.4576071926422,7
238.98910900572204,6
240.61927504005433,5
250.41918804768372,6
263.90861005340577,7
