Time, Value
7.491314101089477,7
42.619720053405764,6
62.423524118255614,5
66.0633308626709,6
83.61860291607665,5
90.42362017738343,6
92.12595402098083,7
114.36270590081787,6
118.84667788746643,4
123.91831096185302,5
134.88834507247924,4
159.26682617166136,5
169.06379501335144,6
174.5316369847412,5
228.1987350896454,6
231.4462319599457,7
