Time, Value
14.557957998092652,5
22.194045034332277,6
29.752695074386597,7
61.489292980926514,6
84.56915010299683,5
94.74710316212463,6
96.66261887602234,7
146.71146096757508,6
149.70044187983703,5
153.15411516975402,4
163.86419082452392,5
180.54196706866455,7
172.48974687411499,7
172.79864793896485,7
175.1480400514984,6
182.17622702861024,7
235.02769517356873,6
238.84234279782103,7
