Time, Value
17.293508114440918,5
29.104185,6
53.143762866485595,7
115.11294921362305,6
132.76695197520448,5
135.04357882070923,4
148.0937511449585,5
169.43078396566773,6
174.33746709918213,7
231.0140440038147,6
246.91255302098082,7
