Time, Value
18.805208935150148,5
31.65287401525879,7
76.53438004577637,6
97.2594549217987,5
105.89086993133544,6
117.57026886839294,5
132.62279981117248,7
147.25036510299682,6
154.7102150114441,7
166.4618610152588,5
184.4808719599457,6
195.19195201907348,7
221.98553097520445,6
263.1210348474121,5
270.4747459771118,6
