Time, Value
12.423673009536744,6
30.93562684741211,7
94.22732300953675,6
108.84285297901917,7
117.06196399809265,6
118.24110015258789,5
126.47211605912781,6
127.85381511444092,7
134.86972108201599,6
137.04068206484985,5
172.34359199046327,6
186.8226699732971,7
208.0774910667572,6
224.2366570114441,7
