Time, Value
37.47160783406067,3
47.566045,4
62.50871584931946,3
69.07123010299682,2
73.27222498474121,5
76.25976604196167,7
79.40691688365173,4
86.66901996185302,2
101.63504993896484,3
102.9199730076294,4
105.11875712779236,7
124.02695202861022,6
129.7898580629425,7
141.50463198283387,6
146.84902312016297,4
151.0730270038147,1
156.5100208264313,3
161.73395518310548,4
162.9698059370575,7
195.3674010190735,6
198.94191188365173,5
200.5210959656677,4
