Time, Value
0.4897560820159912,5
4.967941061035156,6
