Time, Value
89.21905492370605,7
95.91789808392333,6
113.69564599809266,1
114.29070602288819,3
117.54187691416931,6
