Time, Value
49.894435910354616,4
53.65449896566773,3
62.66394702479553,4
100.98078891607666,5
105.72208095422363,3
108.06789397138976,5
