Time, Value
10.524714009536742,1
11.007153150680542,3
31.117581078201294,5
