Time, Value
0.14563889700317384,4
4.79556991607666,1
5.336602144958496,3
8.402032093460083,4
