Time, Value
5.371009093460083,4
6.688431937057495,5
