Time, Value
72.04110212969971,6
99.35124090653991,5
101.25603891035462,6
102.54977380354309,5
140.0580470743866,1
140.50171404768372,3
144.25390696757506,5
