Time, Value
2.928663120162964,1
3.290675076293945,3
32.14060708583069,1
35.41073095803833,2
