Time, Value
64.61631400572205,4
72.08026608010864,1
72.54301095040894,3
75.48792395231628,4
