Time, Value
3.3675981583099364,1
3.867710020980835,3
7.0161209370574955,4
