Time, Value
16.059088122070314,6
23.704486013351442,1
25.055460202178956,3
27.903100186920167,6
