Time, Value
32.57469997138977,7
81.060263,6
124.46440511253357,7
132.47860794659425,1
132.97890604768372,3
