Time, Value
3.828229954223633,1
4.130209895095825,3
14.898571837875366,7
36.91697196757507,6
