Time, Value
2.4163880896453858,4
4.8347099675750735,2
