Time, Value
67.51355410490417,7
75.00692209918213,1
75.60314195803834,3
87.95350295613098,7
