Time, Value
2.0038041754760743,1
2.480030942779541,3
12.348387022888184,4
