Time, Value
0.16327106675720215,3
2.627037891281128,4
