Time, Value
65.9104760858307,2
81.3579590038147,1
81.79202695422363,3
84.38212789700317,2
