Time, Value
1.37371704196167,1
1.8776178836517334,3
4.264476164031983,5
8.21998984550476,1
8.708756101089477,3
11.629285007629395,5
