Time, Value
1.0704769523162843,1
1.5014830801086425,3
4.100692167846679,4
9.632468162124633,1
10.23078204196167,3
12.907872188827515,4
