Time, Value
2.4682099008178713,1
2.9671750228881835,3
28.60173794087219,2
