Time, Value
13.347528020980835,6
40.158397904632565,3
49.214599948501586,6
80.87610889128113,7
113.51505403814697,5
