Time, Value
17.969798030517577,6
45.354386158309936,4
58.85341406103515,6
72.65290691607666,5
111.94951304386902,6
