Time, Value
5.774417005722046,4
17.43317105722046,5
24.279889845504762,3
43.34895298092651,2
56.31522981880188,3
67.00168498664856,2
74.25267689128113,4
80.9082269332428,1
88.00667288746644,4
