Time, Value
14.001832965667724,2
34.2080958626709,1
43.53279600190735,4
49.039423938964845,1
75.23413510299683,2
86.38058399809265,1
