Time, Value
8.491189013351441,5
16.98264816593933,6
30.180348043869017,4
43.1688600705719,6
70.16679996948243,7
