Time, Value
11.158945019073487,2
24.05104490272522,4
38.79834814686585,1
63.136792919891356,3
69.04236698283387,2
89.79209105912781,4
109.06795902479553,2
