Time, Value
5.445597912261963,2
16.096153849319457,3
23.195575062942506,1
34.91989481880188,2
55.27820109155273,1
62.938349061035154,3
76.16812604577636,2
79.4559151411438,1
