Time, Value
12.310064971389771,7
44.54291385694885,6
49.30019191798401,7
65.54726192370606,3
71.68892197520447,7
111.22448602861023,2
