Time, Value
7.792747950408936,3
32.94857902861023,4
41.068376994277955,1
46.92451290844726,2
56.47840214877319,4
77.81676579782105,3
86.97511598474121,5
93.77285989318848,4
116.4445830667572,3
