Time, Value
6.8698748588562015,1
17.814942162124634,2
37.21548505531311,1
45.11806705531311,3
73.05958095040893,2
90.80234396566773,4
105.99191192561341,2
