Time, Value
8.805075003814697,4
14.917553062942504,6
75.85627286267089,7
85.28687991607666,6
92.83051694850158,4
107.9973189885559,6
