Time, Value
6.517769123977661,2
18.519554089645386,4
36.91481686839295,2
52.52852499809265,4
61.910448047683715,1
63.89814199427796,1
68.48081683406068,4
93.8585100553131,5
106.88495390844727,2
