Time, Value
25.536094072479248,6
79.40313198474121,5
87.38373693896484,4
113.95211111825562,5
