Time, Value
11.936213965667724,1
25.432515935150146,4
35.81716388746643,5
94.29472008201598,1
