Time, Value
27.356331047683717,5
49.604985036239626,6
