Time, Value
24.90330601335144,6
168.73967994468688,4
199.0529730705719,3
