Time, Value
16.041796897003174,1
21.162998935150146,6
127.28158702479553,5
