Time, Value
6.459325906539917,1
19.101390087738036,6
67.884715,5
68.87478089509582,4
89.66641414686585,6
122.08533502288819,6
