Time, Value
7.301246091552734,1
13.768160085830688,2
16.487338143051147,3
20.99828215258789,6
48.25148798474121,7
