Time, Value
30.780974,4
55.11920813160705,7
107.16138015068054,4
120.49922990653992,1
172.89902290081787,4
177.93481198283385,6
