Time, Value
54.04891292752075,6
56.37704512969971,1
73.43422712397766,2
87.28264803242493,6
117.65591594659423,7
