Time, Value
22.020041095367432,1
63.030691948501584,4
80.13937704959106,5
115.50605715640259,7
