Time, Value
5.34897095803833,4
18.326963167846678,1
23.421055862670897,3
39.513986051498414,5
46.378593047683715,6
72.36148500572205,7
