Time, Value
6.765916102996826,1
23.759133053405762,6
34.031441095367434,2
47.809426019073484,4
62.053203982833864,5
96.18988295613099,6
108.45638995231629,7
