Time, Value
5.801279024795532,5
20.16746103814697,6
32.79371298855591,7
