Time, Value
43.483470129699704,4
119.13583193896484,7
