Time, Value
22.05610596948242,4
26.955656102996826,7
47.25800388365173,6
67.28566216021729,7
152.5589641010895,6
155.02442217929078,1
