Time, Value
25.981048007629393,6
38.17214605722046,7
47.25518793705749,6
139.56354602098082,4
167.76844301335143,6
189.49122303051757,7
