Time, Value
7.817022944686889,1
64.01157501716614,3
86.88340809155274,4
96.89463287411499,1
