Time, Value
7.95366798664856,6
18.069576158309935,1
46.452762,2
79.14998888746644,5
93.84294183406067,6
130.6401649809265,3
155.9555680190735,6
168.669676,5
184.07955692370606,1
