Time, Value
6.788553022888183,1
25.15372198283386,2
38.33649901144409,1
69.32755383787537,2
82.66158389128113,4
107.97394094659424,6
