Time, Value
31.587073925613403,3
40.994476059127805,5
63.42584615068054,4
119.50883216403199,7
