Time, Value
21.419228074386595,4
25.96085109727478,7
135.3383599485016,6
136.26901897901917,6
182.26871598283387,7
