Time, Value
14.455145994277954,3
18.856044952316285,6
27.383770074386597,1
113.50658394087219,3
119.96514082070922,4
128.70951994087218,5
131.52656008010865,6
144.33277083024598,1
224.3475101068115,2
