Time, Value
46.743064122070315,1
94.07121790653991,2
102.73487196757507,3
110.54454003242493,6
156.93781581307982,4
187.5233508817444,5
