Time, Value
12.735650555532846,4
40.403574285133175,3
49.08921776904765,4
69.55478705154083,5
107.43531354376313,6
173.08847125484826,5
180.76490786916847,6
