Time, Value
27.38606818051864,5
55.32136463579934,4
76.10172675682958,5
119.89392208340762,6
