Time, Value
15.245090923704279,5
37.79537783412891,6
88.02177974037528,6
89.22549112472721,5
97.88595332785656,4
117.82537917015225,5
120.29791193240453,6
