Time, Value
19.41656756317754,2
44.35702003293782,4
63.616483559530145,4
86.69114678229688,3
92.97081803426644,4
99.77525735990896,5
119.33525242815901,4
