Time, Value
8.831556230909253,5
19.199474383534657,6
22.957798892493745,7
58.14753207553383,6
85.33085148335464,5
91.95014000646664,4
104.54342961374188,5
145.8681620016532,6
157.09200192714547,5
202.69359711283664,6
