Time, Value
14.183359496544348,2
43.25161353407758,3
57.18291066882883,4
63.20173838754149,3
97.38278257872061,4
109.8768563049538,5
120.04662899434068,4
