Time, Value
11.172691396274493,4
23.996992963892023,5
25.266275825738223,6
28.23871793823816,7
68.00357763196598,6
79.57153187570378,5
110.93144903577809,6
125.42483965845881,5
166.96422191310927,6
