Time, Value
19.036603386035022,4
30.073562852591742,5
81.8622479102392,4
129.83275557694117,5
157.75123881050254,6
196.7996562350108,5
212.14547561032464,6
