Time, Value
10.278994156150635,1
14.156721463562837,2
44.04972479068552,3
50.818820539079496,4
98.28383639264118,5
117.4955350043483,4
