Time, Value
19.897775696846733,3
45.846140752735415,4
67.09549374221365,5
83.46032143216075,4
103.13932481710042,5
108.02727176013624,4
