Time, Value
12.950339531707854,3
14.007579681423458,4
30.422638400127475,3
51.06452228929417,4
77.60796185339984,5
92.12800516486986,4
135.19790339836487,5
176.4398243559459,4
184.79635728244847,5
