Time, Value
19.49660420330204,4
39.59749967679631,5
66.14801402543904,4
117.3566033753756,3
139.04966485586462,4
156.86220372851696,5
170.92124328248306,6
197.14864670454142,5
222.09145463220216,6
