Time, Value
12.952109925464278,4
20.937861712278423,5
45.58465037554074,6
79.8789283570701,5
123.63374050610982,4
141.82229606913052,5
156.83650978282049,6
200.9575245391497,7
