Time, Value
31.655056036239625,3
58.53409815449524,4
77.43892480545044,5
113.66481189700318,6
