Time, Value
27.13781401335144,3
75.10634502479553,4
102.56766409536743,3
120.43817497711181,5
152.03916815258788,6
