Time, Value
44.195203792099,3
69.4428320629425,4
103.21256102288818,5
140.07297906103517,5
166.9126791449585,6
196.8013670553131,7
213.4496830591278,5
224.24644916593934,6
245.27416505531312,7
