Time, Value
46.250753959945676,4
69.35704808392335,5
103.35338217738342,6
139.25731598283386,7
