Time, Value
41.38182009727478,1
76.72690005722046,3
107.92024615830994,4
