Time, Value
67.81194804196167,2
103.4424310038147,3
159.8602550629425,2
179.16204207629394,4
207.00574505340578,5
