Time, Value
39.80269681498718,2
42.00464891416931,2
56.87254889318848,4
93.82842804005432,5
116.71833804386903,6
