Time, Value
79.43038896566773,1
124.08780881307983,2
156.49237295803832,1
179.69411508964538,3
