Time, Value
33.784431051498416,4
76.18825501335144,5
133.7616168626709,6
151.24681787983704,7
