Time, Value
78.97557711062622,4
136.5138450190735,5
186.80099102479554,6
