Time, Value
36.27120097711182,2
65.8894240076294,4
115.83082519454956,6
