Time, Value
59.51473511062622,4
166.0889028550415,3
211.88186305722047,6
