Time, Value
47.618530148773196,4
111.82190604768371,5
166.55421801525878,4
209.12996408392334,5
