Time, Value
26.518412938964843,1
63.77268415068054,3
82.50685101716614,4
114.87135796185302,5
