Time, Value
34.64635098474121,3
43.609821969482425,4
77.54537000572205,5
114.29185806484985,5
188.97003705722045,3
201.86413183978271,4
