Time, Value
44.999612106811526,3
77.5273469294281,4
137.29450699046325,4
146.93593598664856,3
161.48470488746642,2
182.5939850743866,4
190.96388995994567,5
205.7037270743866,3
