Time, Value
58.87190097520447,3
79.7751099370575,4
107.41861406294251,5
