Time, Value
31.90504401144409,3
42.031965961853025,4
67.16895087983704,5
77.18259506103516,6
103.99984681117249,6
178.48700790272522,4
195.64433801907347,3
217.55255402861022,3
