Time, Value
26.582610935150147,2
58.843731996185305,3
63.71547994087219,1
93.6066459408722,4
118.89767821553039,5
