Time, Value
78.4432459961853,4
140.0986449370575,5
202.97580103433228,6
