Time, Value
22.14038388746643,1
51.04831095613098,4
87.45329000953674,5
106.7961771296997,6
