Time, Value
38.521954980926516,4
57.01439097329712,5
65.36512591035462,3
95.2635559408722,5
119.3956690629425,6
