Time, Value
19.658097059127808,1
54.309239996185305,2
64.10696611825561,3
85.18665999046326,5
114.51328403051758,6
