Time, Value
7.607385122070313,1
217.39589697711182,2
354.8518608626709,2
