Time, Value
21.67711219836426,1
81.44711398283387,1
107.05114008583068,1
128.24036598092653,1
135.21978708010863,1
164.08730596566772,1
