Time, Value
31.853017076293945,3
40.0182790667572,4
53.252246967575076,3
82.3386711411438,3
88.16252702098083,2
113.69464498474122,4
135.99087691989135,3
146.32063309918212,2
172.83057900953673,2
