Time, Value
44.49807987602234,4
86.0472360114441,4
98.61809011634827,3
122.64089918310547,4
205.50061605722047,5
252.5032311049042,3
