Time, Value
11.895233015258789,1
367.62696205531313,4
