Time, Value
26.83506990272522,3
56.81689601716614,4
59.19803090272522,5
83.34745089700317,3
127.4369030782013,4
143.56980517929077,3
161.8453751964569,4
