Time, Value
9.315168946594238,7
41.325994011444095,6
48.72291715640259,3
52.8019611411438,6
75.44551381498718,7
90.27352602479553,2
98.33953103814697,6
