Time, Value
7.261667019073486,3
29.911337045776367,5
38.99932817547607,3
50.78105489509583,2
61.03707105912781,1
66.45167311253357,4
91.16046011253357,5
104.44903397711181,2
