Time, Value
7.853770230789185,5
37.76135211062622,6
60.62488595803833,4
72.30677489700318,6
