Time, Value
11.017091122070312,5
17.35179102479553,7
62.58018586076355,3
67.00686300953674,7
105.22829306484985,2
109.46628795994567,1
115.61766517929077,6
