Time, Value
1.791870948501587,1
19.60311194659424,6
44.67787696948242,5
47.30232512397766,4
64.27435288555908,7
65.6152111411438,6
109.90383604768371,6
