Time, Value
18.70002701716614,1
50.1352452117157,6
150.48881612779235,4
192.77594003814698,6
