Time, Value
3.504789979019165,1
31.026296950408934,5
38.15238888365173,6
74.3080538626709,3
91.5400780705719,6
