Time, Value
1.094752942779541,1
21.463248908447266,5
33.24099997520447,6
82.12112300190735,5
101.09762304577637,4
