Time, Value
7.058744856948852,1
45.42997219264221,6
92.03153715068055,5
97.21088509155274,3
115.04705099809266,1
