Time, Value
82.4712822117157,6
90.84162294850158,5
92.48649295994568,4
112.22606886648559,4
113.02323218119813,3
128.71558406484985,5
151.3541900667572,6
151.65353609155272,4
