Time, Value
5.235749845504761,1
14.583327022888184,6
83.63806814305114,4
