Time, Value
36.31427094659424,6
142.2933540228882,5
166.09072204768373,5
174.7030840743866,4
