Time, Value
24.978748994277954,5
109.78902791989135,6
118.03022894659424,4
