Time, Value
12.359284813079833,1
20.241797204086303,6
75.38210701525878,5
103.06224895994568,3
106.67747203051758,3
108.86273796185303,2
