Time, Value
35.03129004005432,4
50.080145066757204,6
91.82727599046326,4
93.70913604196167,3
133.57601895040892,4
153.9838250228882,5
175.41265003814698,4
177.00497909727477,3
201.61486917929076,5
