Time, Value
16.933254091552733,6
37.80837801907349,4
62.55036984550476,5
68.39021916212464,6
73.34260291798401,4
79.84630294659424,6
