Time, Value
9.477514009536742,1
17.927747095367433,6
36.243272977111815,4
55.92923506866455,6
84.61124000762939,7
96.35208291035461,5
100.03045692370605,4
107.88806801335144,6
