Time, Value
5.676866204086304,3
20.782570975204468,1
29.66661904386902,3
40.247598969482425,6
49.77302704005432,7
91.0819899885559,5
95.63005688746642,7
