Time, Value
17.269207855041504,1
157.87188290272522,5
