Time, Value
0.4029099313354492,1
8.596904213623047,2
21.10064201144409,1
27.354103122070313,3
38.42295311253357,6
46.85200208201599,7
74.754812,5
86.27322484169007,6
97.63044888746643,7
