Time, Value
27.280746992370606,1
45.501523022888186,6
48.30012001525879,1
115.740694874115,3
