Time, Value
15.616949101089478,1
38.44027795994568,2
61.08900415640259,4
87.33327513542176,5
93.75056291798401,6
