{"metrics_1": [0.7540322580645161, 0.9973262032085561, 12.466666666666667, 27], "metrics_2": [0, 0, 0, 0], "metrics_3": [0, 0, 0, 0], "metrics_4": [0, 0, 0, 0], "metrics_5": [0.5524193548387096, 0.8394160583941606, 2.795918367346939, 11], "metrics_6": [0.4314516129032258, 0.7850467289719626, 2.4318181818181817, 11], "metrics_7": [0.30443548387096775, 0.7417218543046358, 2.1884057971014492, 11], "metrics_8": [0.2318548387096774, 0.7652173913043478, 2.6136363636363638, 11], "metrics_9": [0.17540322580645162, 0.7701149425287356, 2.6363636363636362, 11], "metrics_10": [0.1350806451612903, 0.6119402985074627, 1.8611111111111112, 8], "metrics_11": [0.07056451612903226, 0.4857142857142857, 1.4, 4], "metrics_12": [0.028225806451612902, 0.2857142857142857, 1.1666666666666667, 2], "metrics_13": [0.024193548387096774, 0.3333333333333333, 1.2, 2], "metrics_14": [0.02217741935483871, 0.0, 1.0, 1], "metrics_15": [0.014112903225806451, 0.0, 1.0, 1], "metrics_16": [0.020161290322580645, 0.0, 1.0, 1], "metrics_17": [0.020161290322580645, 0.2, 1.1111111111111112, 2], "metrics_18": [0.034274193548387094, 0.17647058823529413, 1.1333333333333333, 3], "metrics_19": [0.046370967741935484, 0.21739130434782608, 1.15, 3], "metrics_20": [0.05241935483870968, 0.2692307692307692, 1.1818181818181819, 3], "metrics_21": [0.056451612903225805, 0.25, 1.1666666666666667, 3], "metrics_22": [0.05040322580645161, 0.28, 1.1904761904761905, 3], "metrics_23": [0.028225806451612902, 0.14285714285714285, 1.0769230769230769, 2], "metrics_24": [0.03225806451612903, 0.125, 1.0666666666666667, 2], "metrics_25": [0.024193548387096774, 0.0, 1.0, 1], "metrics_26": [0.02620967741935484, 0.0, 1.0, 1], "metrics_27": [0.03225806451612903, 0.0, 1.0, 1], "metrics_28": [0.05846774193548387, 0.0, 1.0, 1], "metrics_29": [0.056451612903225805, 0.0, 1.0, 1], "metrics_30": [0.05443548387096774, 0.07407407407407407, 1.0384615384615385, 2], "metrics_31": [0.06854838709677419, 0.14705882352941177, 1.096774193548387, 3], "metrics_32": [0.0846774193548387, 0.07142857142857142, 1.05, 3], "metrics_33": [0.08669354838709678, 0.18604651162790697, 1.131578947368421, 3], "metrics_34": [0.09475806451612903, 0.2765957446808511, 1.205128205128205, 4], "metrics_35": [0.12298387096774194, 0.5573770491803278, 1.4523809523809523, 4], "metrics_36": [0.12701612903225806, 0.42857142857142855, 1.2857142857142858, 3], "metrics_37": [0.14112903225806453, 0.35714285714285715, 1.2280701754385965, 3], "metrics_38": [0.0846774193548387, 0.16666666666666666, 1.105263157894737, 3], "metrics_39": [0.08669354838709678, 0.3488372093023256, 1.2285714285714286, 3], "metrics_40": [0.05040322580645161, 0.32, 1.1904761904761905, 2], "metrics_41": [0.034274193548387094, 0.23529411764705882, 1.1333333333333333, 2], "metrics_42": [0.028225806451612902, 0.14285714285714285, 1.0769230769230769, 2], "metrics_43": [0.034274193548387094, 0.11764705882352941, 1.0625, 2], "metrics_44": [0.036290322580645164, 0.2222222222222222, 1.125, 2], "metrics_45": [0.036290322580645164, 0.1111111111111111, 1.0588235294117647, 2]}