{"metrics_1": [0.7955865272938444, 0.997080291970803, 13.7, 36], "metrics_2": [0.027874564459930314, 0.25, 1.1428571428571428, 2], "metrics_3": [0.0429732868757259, 0.1891891891891892, 1.121212121212121, 3], "metrics_4": [0.08478513356562137, 0.1780821917808219, 1.106060606060606, 3], "metrics_5": [0.03902439024390244, 0.125, 1.0666666666666667, 2]}