{
    "FPS": 59,
    "path": "/itf-fi-ml/home/atillajv/SYNCH/files/P3_D1_G1_M1_R2_T1_2",
    "dt_v_x_entropy": 8.594254692824364,
    "dt_v_x_avg": 1.384,
    "dt_v_y_entropy": 8.829962457409103,
    "dt_v_y_avg": 0.757
}