Time, Value
290.03602805912783,1
294.0180459847412,1
295.8803820152588,1
