,t0,LZ,CTW
mean,35000.0,0.7680537787717476,0.793611769321386
0.0,0.0,0.7867503167165322,0.8957276139005521
0.08333333333333333,0.08333333333333333,0.8675193606380013,0.8507314991715904
0.16666666666666666,0.16666666666666666,0.6551266895852492,0.6596828510673332
0.25,0.25,0.7927332088588632,0.8255741242900129
0.3333333333333333,0.3333333333333333,0.8196562234993529,0.8297784460571668
0.4166666666666667,0.4166666666666667,0.7179470570797253,0.7079614686430142
0.5,0.5,0.7269213952932218,0.7708116265538018
0.5833333333333334,0.5833333333333334,0.7777759785030356,0.8086265248876171
