Time, Value
7.521173087738037,1
122.72929612397766,2
