Time, Value
7.161953099182129,6
35.00762101335144,5
67.98594493324279,6
97.43236606484986,7
