Time, Value
7.277890927520752,7
20.989915116348268,6
33.87278284741211,7
