Time, Value
5.112271017166138,5
41.25988701907349,4
62.39509493705749,7
81.06009796376037,4
89.11039987602234,2
95.07716018692017,1
103.41021799809265,5
