Time, Value
17.47558008583069,4
29.209909893188478,5
52.20607801907349,6
92.57657690463257,5
72.89016084359741,6
93.03796298664857,5
