Time, Value
14.514936042915345,4
53.13313898807907,5
59.35405124080277,6
134.964076833107,4
144.63230616450883,2
153.77030100953675,5
192.31964984264374,4
208.10056090940094,5
233.5762120524521,3
