Time, Value
39.157936938964845,4
66.98070796376038,3
83.13508301525879,2
88.48529116021729,4
135.66722899427796,5
