Time, Value
25.93185218501282,4
73.54595608392334,5
127.18776788365173,6
197.97358112397765,5
