Time, Value
19.22840394468689,4
25.898331853134156,5
56.5635100705719,6
78.42824098283386,5
105.87525411444092,4
115.39360199427796,3
