Time, Value
20.240628792575837,4
64.53003005483627,5
75.15443126226043,6
128.79612407152558,5
162.9465147806549,6
