Time, Value
13.877714114440918,6
27.097520078201295,3
61.91544298664856,4
70.16660694659424,6
80.33826801525879,7
91.9536869885559,4
96.873112,3
103.92875582452393,6
