Time, Value
5.759909072479248,5
7.626268927520752,6
