Time, Value
4.796901933242798,4
5.613251101089477,5
8.419304988555908,6
