Time, Value
6.7371639294281005,1
11.986913131607055,7
