Time, Value
1.610396973297119,1
4.032638110626221,1
