Time, Value
1.0577080743865968,7
3.8656269923706055,1
