Time, Value
7.082529910354614,1
7.257530101089477,1
