Time, Value
25.997177171661377,1
72.38326298855591,1
72.56785689891052,1
