Time, Value
7.715948975204467,4
19.099420003814696,5
36.18226594850159,4
54.738775080108645,3
78.54605092752075,4
81.74691689700317,5
94.03890688174438,6
101.54050590844727,7
110.22899098474122,5
126.71291590272521,6
130.88166593896486,7
170.04469286457825,6
173.39786000190736,5
176.72788608583068,4
