Time, Value
1.382280973297119,3
3.2332149599456788,2
5.616329954223633,1
