Time, Value
89.1799031964569,4
95.65459497520447,1
96.42205509727478,3
98.93824291989135,4
