Time, Value
4.363499108718872,4
6.413299782562256,3
8.416203906539916,2
14.699144795913696,1
