Time, Value
3.283600110626221,1
3.782846807357788,3
29.811075855041505,1
159.2255939256134,2
166.4455049294281,3
