{"details_files": [{"name": "P1_D1_T2", "n_splits": [2, 2, 2, 2], "start_reaper": 10.868, "step_labels": [1, 2, 3, 4], "step_times": ["0:59:32", "3:01:00", "4:37:00", "5:02:00"], "duration_s": [5.7, 16.5, 8.5, 5.5], "threshold": [[[70.2490871110619, 74186216.25858593], [73.05616124139193, 97838708.26467735]], [[191.91615414877234, 86881798.25457382], [200.27315611742762, 225101131.65077353]], [[287.88076576137, 691303757.0536072], [292.3467826521305, 240633109.47836173]], [[312.9686436886512, 256224802.5741607], [315.7409057345123, 415441185.6668737]]]}, {"name": "P1_D2_T1", "n_splits": [11, 8, 30, 7], "start_reaper": 6.332, "step_labels": [1, 2, 5, 6], "step_times": ["0:37:00", "1:35:00", "4:37:00", "4:57:00"], "duration_s": [30.2, 55.1, 20.7, 23.3], "threshold": [[[43.54076868916092, 44873819.57558927], [46.34059810811551, 69896924.8316305], [49.056879709511584, 53718021.54497203], [51.77655459662527, 62295757.167625755], [54.52337241597818, 71147907.80160135], [57.25578640166358, 92584781.08973753], [59.96212768615181, 85970771.61413148], [62.6812057830147, 54447555.08001393], [65.43001277636456, 89251278.72009903], [68.15390117536789, 66329478.46449342], [70.88720598442038, 79343821.28038281]], [[101.88444700765635, 29109089.20668821], [108.36796181527811, 16678064.978280045], [115.18434738437809, 17622698.49945052], [122.36378001135303, 16349447.372721821], [129.17931776825966, 19749879.19557947], [136.0175269421197, 21687296.69060503], [142.80873208550463, 23976113.778977245], [149.60474895889806, 17255835.47937107]], [[283.5994617229333, 86720393.0710988], [284.0716209297511, 46552941.450422615], [284.73779568964346, 44396293.30373117], [285.4380111344405, 42848858.748052], [286.17187854506494, 96107213.39171314], [286.82912125012956, 119185259.0199135], [287.5343437668497, 116871336.25660694], [288.2911710548741, 127067125.74792835], [288.95337532704934, 121368983.85528761], [289.6516371499761, 106234682.83982688], [290.236812572154, 65703634.38730165], [290.9225196944085, 36926043.87680891], [291.66960509619423, 48896305.71181208], [292.404017793302, 91884091.16009073], [293.0998501219962, 78899847.46666668], [293.7333740219386, 61835327.0054422], [294.39267292751873, 68029690.41133788], [295.0829721795067, 79003345.13147813], [295.84060775640603, 49930866.33250883], [296.4835496100228, 21677784.95468977], [297.21256805866625, 29864979.125788495], [297.87148441531326, 20515040.158812635], [298.5838982349619, 25122092.072727293], [299.2197960978402, 69665888.750938], [299.9605439903849, 40890832.555102065], [300.66833868591954, 34807564.63747683], [301.2778985175126, 49522289.63729131], [301.9631212834565, 37630362.45728719], [302.6999418792926, 33375489.109523818], [303.4083273661232, 59833687.62411879]], [[303.40861622535476, 59109912.00900848], [306.8026245587898, 93955649.95324689], [310.1863112582679, 89439194.6927141], [313.5412473747685, 98433119.42049068], [316.6569009036335, 69773968.27186161], [320.0673483211796, 147729665.9364257], [323.4654170073245, 141971180.87868482]]]}, {"name": "P1_D1_T4", "n_splits": [20, 5], "start_reaper": 10.868, "step_labels": [5, 6], "step_times": ["01:29:00", "05:15:00"], "duration_s": [6.4, 13.2], "threshold": [[[99.86821377265683, 134101055.89155453], [100.18820238016363, 109560207.10748315], [100.54007676819249, 49532908.03673488], [100.87187295645701, 97758517.48431253], [101.17272328624799, 45559345.4730984], [101.55539545446234, 193805916.93238518], [101.84119759648297, 192920300.6337664], [102.15325823957251, 228395627.1825191], [102.4746088280166, 166131296.79818606], [102.7942133039315, 227921490.95637196], [103.10602028730688, 227417777.17109883], [103.45636417534838, 235016840.2066791], [103.78023905857528, 211274545.92816564], [104.08642898064173, 208049568.7612452], [104.39904616918123, 246815162.6754896], [104.7073036324704, 110749081.65936929], [105.00568205634578, 99100486.81067824], [105.31409975894184, 139934907.9174605], [105.653867137372, 105252412.84370235], [105.97942114620678, 70175144.27676773]], [[326.06905509812606, 23682639.567810863], [328.66289829727214, 92679633.1418677], [331.34263378419126, 35240564.39873105], [333.78922630797473, 75221359.30047113], [336.5087596881179, 111062265.63932586]]]}, {"name": "P1_D2_T2", "n_splits": [5, 6, 6, 31, 7], "start_reaper": 6.332, "step_labels": [1, 2, 4, 5, 6], "step_times": ["00:39:00", "01:18:00", "02:07:00", "02:47:00", "03:10:00"], "duration_s": [13.7, 41, 16.5, 21, 18.7], "threshold": [[[45.54006581596827, 35312274.11541811], [48.08968640548222, 23012819.09529057], [50.81460526753934, 38084497.05050516], [53.561116749799794, 24090237.866666764], [56.4067093473595, 404940549.80556613]], [[84.52322943173255, 168879044.38178897], [91.24087886548281, 73278221.35815871], [98.14492168279766, 150338352.56679243], [104.9447293322011, 83248224.96916348], [111.73481065951245, 228166755.31611538], [118.6284443165901, 204666705.79726171]], [[133.53526937942567, 139663282.00826526], [136.29947458135845, 256261289.67275596], [139.0278875902162, 314851366.6202065], [141.77779543882596, 156598562.75803983], [144.50622424483078, 52504434.452399015], [147.1748652728933, 172748453.8093238]], [[173.33329320344004, 26965872.232199654], [174.01300153105035, 25808818.940059602], [174.69033235385777, 46527964.373036504], [175.42333807616308, 73978717.42355964], [176.09201829301787, 103244700.20786726], [176.77821067660398, 104468754.37033623], [177.4753970375661, 89270647.6174013], [178.12866397997126, 50571862.59049603], [178.82003873473508, 99035144.02671617], [179.50451193959876, 65433225.93007633], [180.13253349838504, 48945852.652776465], [180.8062728248252, 45518518.630735844], [181.4703488895682, 54334702.143410265], [182.15682040872935, 58450156.14940745], [182.81914993348335, 81512226.70386541], [183.51050843262283, 44601353.66111213], [184.22793196663645, 38052389.39740306], [184.9073044504271, 74583256.47132546], [185.59000120522106, 64672175.02497625], [186.2724559186616, 64188383.85123873], [186.97860456139264, 67745701.09253868], [187.6328871958864, 72478001.06288862], [188.31612479638318, 110592943.19919068], [189.04621371147954, 84992598.83850574], [189.68665572497235, 78040617.31904328], [190.39146204362626, 32487620.97424403], [191.04241601423604, 57768781.85333264], [191.7409660032201, 66534454.667878956], [192.39270273159468, 27467788.78820458], [193.04146208141694, 67574580.23549792], [193.7551366177869, 60399630.37526283]], [[196.3320812199256, 70235908.29282266], [199.07249436938164, 231289862.8367039], [201.744362063985, 182601129.78961056], [204.52590472266036, 82050039.73844588], [207.21041331881898, 283107774.71426773], [209.6896166308499, 56740830.19599503], [212.41158826310985, 214509618.60652912]]]}]}