novelty,novelty_t0,novelty_t1
0.391934621786119,0.0,6.999977324263039
0.6874618618917852,1.4,8.39997732426304
1.046297600258268,2.8,9.799977324263038
1.1631118219076906,4.2,11.199977324263038
0.9020382829392459,5.6,12.599977324263039
0.6023669002501006,7.0,13.999977324263039
0.3796555908159162,8.4,15.39997732426304
0.390666161209437,9.8,16.79997732426304
0.7977337406435047,11.2,18.19997732426304
1.6932246311330104,12.6,19.599977324263037
2.5545579361618405,14.0,20.99997732426304
1.9525631141382869,15.4,22.399977324263038
1.3396784051434156,16.8,23.79997732426304
0.9068319970370259,18.2,25.19997732426304
0.7396977397540786,19.6,26.599977324263037
0.389771151836244,21.0,27.99997732426304
0.18903221088124436,22.4,29.399977324263038
0.11285840283961707,23.8,30.79997732426304
0.12936022343334214,25.2,32.19997732426304
0.16944530178639494,26.6,33.59997732426304
0.26945909073218616,28.0,34.999977324263035
0.5362251791885693,29.4,36.39997732426304
0.8197078468134511,30.8,37.79997732426304
1.1386589803588194,32.2,39.19997732426304
1.8054003838527395,33.6,40.59997732426304
2.5892569464373816,35.0,41.999977324263035
2.0440776321694396,36.4,43.39997732426304
1.3242580478364983,37.8,44.79997732426304
0.7510776380721089,39.2,46.19997732426304
0.4251037553311868,40.6,47.59997732426304
0.23379121876803055,42.0,48.999977324263035
0.0685193073178616,43.4,50.39997732426304
0.06583614259498047,44.8,51.79997732426304
0.25358204186186545,46.2,53.19997732426304
0.5594217765369044,47.6,54.59997732426304
0.9474299238431877,49.0,55.999977324263035
1.180206261024534,50.4,57.39997732426304
0.7709803787187817,51.8,58.79997732426304
0.3703842864495357,53.2,60.19997732426304
0.9377097700617296,54.6,61.59997732426304
0.9442550035945965,56.0,62.999977324263035
0.6532949414889455,57.4,64.39997732426303
0.4972234759649089,58.8,65.79997732426304
0.57047422971067,60.2,67.19997732426305
0.8070666294840244,61.6,68.59997732426304
1.0460568068983809,63.0,69.99997732426304
0.5026364760499095,64.4,71.39997732426303
0.2025037498286857,65.8,72.79997732426304
0.1931129421278676,67.2,74.19997732426305
0.382601035523971,68.6,75.59997732426304
0.5662912445014809,70.0,76.99997732426304
0.6400738023067034,71.4,78.39997732426303
0.8197784502933152,72.8,79.79997732426304
0.7395672289330959,74.2,81.19997732426305
0.5334938120725763,75.6,82.59997732426304
0.4701588730049886,77.0,83.99997732426304
0.7057229230462613,78.4,85.39997732426303
