,LZ,CTW
0.1,0.6378101942183736,0.4996309651446179
0.2,0.8703451608604891,0.6955838512120188
0.30000000000000004,1.063016990363956,0.8892112925649627
0.4,1.1560309770208022,0.972962151023478
0.5,1.1693186894003516,0.9889111421783667
