sm,sm_t0,sm_t1
"[[1.         0.46396246 0.36983213 ... 0.89015453 0.90428406 0.84931181]
 [0.46396246 1.         0.94021988 ... 0.29272304 0.36861345 0.49687674]
 [0.36983213 0.94021988 1.         ... 0.28577351 0.35366372 0.51002995]
 ...
 [0.89015453 0.29272304 0.28577351 ... 1.         0.99536735 0.94924884]
 [0.90428406 0.36861345 0.35366372 ... 0.99536735 1.         0.96829875]
 [0.84931181 0.49687674 0.51002995 ... 0.94924884 0.96829875 1.        ]]","[ 0.   1.4  2.8  4.2  5.6  7.   8.4  9.8 11.2 12.6 14.  15.4 16.8 18.2
 19.6 21.  22.4 23.8 25.2 26.6 28.  29.4 30.8 32.2 33.6 35.  36.4 37.8
 39.2 40.6 42.  43.4 44.8 46.2 47.6 49.  50.4 51.8 53.2 54.6 56.  57.4
 58.8 60.2 61.6 63.  64.4 65.8 67.2 68.6 70.  71.4 72.8 74.2 75.6 77.
 78.4 79.8 81.2 82.6 84.  85.4 86.8 88.2 89.6 91.  92.4 93.8 95.2 96.6
 98.  99.4]","[  6.99997917   8.39997917   9.79997917  11.19997917  12.59997917
  13.99997917  15.39997917  16.79997917  18.19997917  19.59997917
  20.99997917  22.39997917  23.79997917  25.19997917  26.59997917
  27.99997917  29.39997917  30.79997917  32.19997917  33.59997917
  34.99997917  36.39997917  37.79997917  39.19997917  40.59997917
  41.99997917  43.39997917  44.79997917  46.19997917  47.59997917
  48.99997917  50.39997917  51.79997917  53.19997917  54.59997917
  55.99997917  57.39997917  58.79997917  60.19997917  61.59997917
  62.99997917  64.39997917  65.79997917  67.19997917  68.59997917
  69.99997917  71.39997917  72.79997917  74.19997917  75.59997917
  76.99997917  78.39997917  79.79997917  81.19997917  82.59997917
  83.99997917  85.39997917  86.79997917  88.19997917  89.59997917
  90.99997917  92.39997917  93.79997917  95.19997917  96.59997917
  97.99997917  99.39997917 100.79997917 102.19997917 103.59997917
 104.99997917 106.39997917]"
